700001,Xgen-Ecommerce,,2024-01-02T14:16:06.9086921Z,,,,SaudiArabia,,MiddleEast,1/1/2008,12/11/2025,1,36429234,XGE24CE,SAR
700002,Destination-Ecommerce,,2024-01-02T14:16:06.9086921Z,,,,UAE,,MiddleEast,1/2/2008,12/18/2025,1,36429234,DES89CE,AED
700003,UltraSpeed-WholeSale,,2024-01-02T14:16:06.9086921Z,,,,UAE,,MiddleEast,1/8/2008,12/27/2025,1,36429234,ULT42LE,AED
700004,Buzzing-Ecommerce,,2024-01-02T14:16:06.9086921Z,,,,Qatar,,MiddleEast,1/17/2008,12/29/2025,1,36429234,BUZ96CE,QAR
700005,USP-Shippers,,2024-01-02T14:16:06.9086921Z,,,,Kuwait,,MiddleEast,1/18/2008,1/2/2026,1,36429234,USP59RS,KWD
700006,FMCG-WholeSale,,2024-01-02T14:16:06.9086921Z,,,,UAE,,MiddleEast,1/28/2008,1/3/2026,1,36429234,FMC12LE,AED
700007,Stocker-WholeSale,,2024-01-02T14:16:06.9086921Z,,,,UK,,Europe,2/4/2008,1/8/2026,1,36429234,STO29LE,GBP
700008,TechBiz-Shippers,,2024-01-02T14:16:06.9086921Z,,,,Qatar,,MiddleEast,2/6/2008,1/12/2026,1,36429234,TEC18RS,QAR
700009,Rapid-WholeSale,,2024-01-02T14:16:06.9086921Z,,,,India,,Asia,2/10/2008,1/17/2026,1,36429234,RAP82LE,INR
700010,Stocker-Products,,2024-01-02T14:16:06.9086921Z,,,,SaudiArabia,,MiddleEast,2/13/2008,1/18/2026,1,36429234,STO92TS,SAR
700011,Rapid-Movers,,2024-01-02T14:16:06.9086921Z,,,,US,,United States,2/18/2008,1/24/2026,1,36429234,RAP26RS,USD
700012,AZM-Shipping,,2024-01-02T14:16:06.9086921Z,,,,UAE,,MiddleEast,2/25/2008,1/25/2026,1,36429234,AZM11NG,AED
700013,Innovative-Movers,,2024-01-02T14:16:06.9086921Z,,,,Pakistan,,Asia,2/28/2008,1/28/2026,1,36429234,INN95RS,PKR
700014,Etail-Shippers,,2024-01-02T14:16:06.9086921Z,,,,US,,United States,3/3/2008,1/29/2026,1,36429234,ETA12RS,USD
700015,AZM-Supplier,,2024-01-02T14:16:06.9086921Z,,,,Turkiye,,MiddleEast,3/5/2008,2/3/2026,1,36429234,AZM21ER,TRP
700016,Buzzing-Supplier,,2024-01-02T14:16:06.9086921Z,,,,Pakistan,,Asia,3/12/2008,2/8/2026,1,36429234,BUZ38ER,PKR
700017,FastDelivery-Products,,2024-01-02T14:16:06.9086921Z,,,,UK,,Europe,3/20/2008,2/12/2026,1,36429234,FAS59TS,GBP
700018,UltraSpeed-Supplier,,2024-01-02T14:16:06.9086921Z,,,,Turkiye,,MiddleEast,3/25/2008,2/21/2026,1,36429234,ULT27ER,TRP
700019,Future-Shipping,,2024-01-02T14:16:06.9086921Z,,,,India,,Asia,3/30/2008,3/2/2026,1,36429234,FUT61NG,INR
700020,USP-WholeSale,,2024-01-02T14:16:06.9086921Z,,,,US,,United States,4/9/2008,3/7/2026,1,36429234,USP55LE,USD
700021,Etail-Movers,,2024-01-02T14:16:06.9086921Z,,,,Qatar,,MiddleEast,4/15/2008,3/11/2026,1,36429234,ETA77RS,QAR
700022,USP-Products,,2024-01-02T14:16:06.9086921Z,,,,Pakistan,,Asia,4/16/2008,3/19/2026,1,36429234,USP32TS,PKR
700023,TechBiz-Ecommerce,,2024-01-02T14:16:06.9086921Z,,,,Pakistan,,Asia,4/21/2008,3/24/2026,1,36429234,TEC45CE,PKR
700024,Future-Supplier,,2024-01-02T14:16:06.9086921Z,,,,Kuwait,,MiddleEast,4/28/2008,3/29/2026,1,36429234,FUT38ER,KWD
700025,ShopAtUs-Ecommerce,,2024-01-02T14:16:06.9086921Z,,,,SaudiArabia,,MiddleEast,4/30/2008,4/6/2026,1,36429234,SHO49CE,SAR
700026,NewAge-Shipping,,2024-01-02T14:16:06.9086921Z,,,,SaudiArabia,,MiddleEast,5/3/2008,4/14/2026,1,36429234,NEW41NG,SAR
700027,Etail-Shipping,,2024-01-02T14:16:06.9086921Z,,,,Turkiye,,MiddleEast,5/5/2008,4/19/2026,1,36429234,ETA68NG,TRP
700028,AZM-Ecommerce,,2024-01-02T14:16:06.9086921Z,,,,US,,United States,5/6/2008,4/29/2026,1,36429234,AZM77CE,USD
700029,Buzzing-WholeSale,,2024-01-02T14:16:06.9086921Z,,,,Pakistan,,Asia,5/12/2008,5/1/2026,1,36429234,BUZ14LE,PKR
700030,Xgen-Supplier,,2024-01-02T14:16:06.9086921Z,,,,Australia,,Australia,5/19/2008,5/7/2026,1,36429234,XGE34ER,AUD
700031,Destination-Movers,,2024-01-02T14:16:06.9086921Z,,,,Kuwait,,MiddleEast,5/23/2008,5/11/2026,1,36429234,DES56RS,KWD
700032,Stocker-Supplier,,2024-01-02T14:16:06.9086921Z,,,,India,,Asia,6/1/2008,5/15/2026,1,36429234,STO88ER,INR
700033,Etail-Products,,2024-01-02T14:16:06.9086921Z,,,,Kuwait,,MiddleEast,6/2/2008,5/16/2026,1,36429234,ETA48TS,KWD
700034,FastDelivery-Shipping,,2024-01-02T14:16:06.9086921Z,,,,India,,Asia,6/10/2008,5/22/2026,1,36429234,FAS22NG,INR
700035,Stocker-Ecommerce,,2024-01-02T14:16:06.9086921Z,,,,India,,Asia,6/19/2008,5/28/2026,1,36429234,STO29CE,INR
700036,FastDelivery-Ecommerce,,2024-01-02T14:16:06.9086921Z,,,,UK,,Europe,6/26/2008,6/2/2026,1,36429234,FAS49CE,GBP
700037,Xgen-WholeSale,,2024-01-02T14:16:06.9086921Z,,,,US,,United States,7/5/2008,6/6/2026,1,36429234,XGE51LE,USD
700038,FastDelivery-Movers,,2024-01-02T14:16:06.9086921Z,,,,Australia,,Australia,7/12/2008,6/10/2026,1,36429234,FAS87RS,AUD
700039,Future-Shippers,,2024-01-02T14:16:06.9086921Z,,,,Qatar,,MiddleEast,7/15/2008,6/15/2026,1,36429234,FUT28RS,QAR
700040,USP-Movers,,2024-01-02T14:16:06.9086921Z,,,,Turkiye,,MiddleEast,7/24/2008,6/17/2026,1,36429234,USP39RS,TRP
700041,Innovative-Supplier,,2024-01-02T14:16:06.9086921Z,,,,Qatar,,MiddleEast,7/30/2008,6/24/2026,1,36429234,INN33ER,QAR
700042,Etail-Ecommerce,,2024-01-02T14:16:06.9086921Z,,,,India,,Asia,8/6/2008,6/25/2026,1,36429234,ETA87CE,INR
700043,Rapid-Shipping,,2024-01-02T14:16:06.9086921Z,,,,Pakistan,,Asia,8/16/2008,6/26/2026,1,36429234,RAP39NG,PKR
700044,USP-Supplier,,2024-01-02T14:16:06.9086921Z,,,,Turkiye,,MiddleEast,8/24/2008,6/28/2026,1,36429234,USP29ER,TRP
700045,ShopAtUs-Products,,2024-01-02T14:16:06.9086921Z,,,,SaudiArabia,,MiddleEast,8/30/2008,7/2/2026,1,36429234,SHO18TS,SAR
700046,Innovative-Shipping,,2024-01-02T14:16:06.9086921Z,,,,Australia,,Australia,8/31/2008,7/4/2026,1,36429234,INN79NG,AUD
700047,NewAge-Ecommerce,,2024-01-02T14:16:06.9086921Z,,,,SaudiArabia,,MiddleEast,9/5/2008,7/10/2026,1,36429234,NEW69CE,SAR
700048,TechBiz-Products,,2024-01-02T14:16:06.9086921Z,,,,Turkiye,,MiddleEast,9/10/2008,7/20/2026,1,36429234,TEC32TS,TRP
700049,FastDelivery-Shippers,,2024-01-02T14:16:06.9086921Z,,,,India,,Asia,9/19/2008,7/28/2026,1,36429234,FAS31RS,INR
700050,NewAge-Supplier,,2024-01-02T14:16:06.9086921Z,,,,Qatar,,MiddleEast,9/26/2008,8/4/2026,1,36429234,NEW31ER,QAR
700051,Rapid-Products,,2024-01-02T14:16:06.9086921Z,,,,US,,United States,10/3/2008,8/14/2026,1,36429234,RAP49TS,USD
700052,Innovative-Ecommerce,,2024-01-02T14:16:06.9086921Z,,,,Pakistan,,Asia,10/4/2008,8/17/2026,1,36429234,INN28CE,PKR
700053,FMCG-Shipping,,2024-01-02T14:16:06.9086921Z,,,,UAE,,MiddleEast,10/10/2008,8/23/2026,1,36429234,FMC64NG,AED
700054,ShopAtUs-Shipping,,2024-01-02T14:16:06.9086921Z,,,,Pakistan,,Asia,10/11/2008,8/31/2026,1,36429234,SHO48NG,PKR
700055,Destination-Shippers,,2024-01-02T14:16:06.9086921Z,,,,Egypt,,MiddleEast,10/19/2008,9/9/2026,1,36429234,DES69RS,EGP
700056,AZM-WholeSale,,2024-01-02T14:16:06.9086921Z,,,,SaudiArabia,,MiddleEast,10/28/2008,9/19/2026,1,36429234,AZM74LE,SAR
700057,Future-Products,,2024-01-02T14:16:06.9086921Z,,,,Turkiye,,MiddleEast,11/1/2008,9/26/2026,1,36429234,FUT59TS,TRP
700058,ShopAtUs-WholeSale,,2024-01-02T14:16:06.9086921Z,,,,India,,Asia,11/9/2008,9/30/2026,1,36429234,SHO23LE,INR
700059,AZM-Movers,,2024-01-02T14:16:06.9086921Z,,,,UAE,,MiddleEast,11/19/2008,10/5/2026,1,36429234,AZM45RS,AED
700060,UltraSpeed-Shippers,,2024-01-02T14:16:06.9086921Z,,,,Qatar,,MiddleEast,11/29/2008,10/6/2026,1,36429234,ULT85RS,QAR
700061,FastDelivery-WholeSale,,2024-01-02T14:16:06.9086921Z,,,,Pakistan,,Asia,12/2/2008,10/7/2026,1,36429234,FAS87LE,PKR
700062,Xgen-Products,,2024-01-02T14:16:06.9086921Z,,,,Qatar,,MiddleEast,12/10/2008,10/8/2026,1,36429234,XGE41TS,QAR
700063,USP-Shipping,,2024-01-02T14:16:06.9086921Z,,,,UAE,,MiddleEast,12/19/2008,10/11/2026,1,36429234,USP25NG,AED
700064,TechBiz-Movers,,2024-01-02T14:16:06.9086921Z,,,,Qatar,,MiddleEast,12/28/2008,10/15/2026,1,36429234,TEC75RS,QAR
700065,FMCG-Movers,,2024-01-02T14:16:06.9086921Z,,,,US,,United States,1/4/2009,10/18/2026,1,36429234,FMC75RS,USD
700066,FastDelivery-Supplier,,2024-01-02T14:16:06.9086921Z,,,,India,,Asia,1/14/2009,10/24/2026,1,36429234,FAS58ER,INR
700067,Innovative-Products,,2024-01-02T14:16:06.9086921Z,,,,UAE,,MiddleEast,1/17/2009,11/3/2026,1,36429234,INN94TS,AED
700068,ShopAtUs-Movers,,2024-01-02T14:16:06.9086921Z,,,,UK,,Europe,1/20/2009,11/4/2026,1,36429234,SHO92RS,GBP
700069,Innovative-Shippers,,2024-01-02T14:16:06.9086921Z,,,,US,,United States,1/23/2009,11/13/2026,1,36429234,INN24RS,USD
700070,UltraSpeed-Movers,,2024-01-02T14:16:06.9086921Z,,,,UK,,Europe,2/2/2009,11/15/2026,1,36429234,ULT41RS,GBP
700071,ShopAtUs-Shippers,,2024-01-02T14:16:06.9086921Z,,,,SaudiArabia,,MiddleEast,2/8/2009,11/22/2026,1,36429234,SHO99RS,SAR
700072,Rapid-Shippers,,2024-01-02T14:16:06.9086921Z,,,,UAE,,MiddleEast,2/15/2009,11/25/2026,1,36429234,RAP25RS,AED
700073,Buzzing-Movers,,2024-01-02T14:16:06.9086921Z,,,,India,,Asia,2/25/2009,11/26/2026,1,36429234,BUZ54RS,INR
700074,Buzzing-Shippers,,2024-01-02T14:16:06.9086921Z,,,,Pakistan,,Asia,3/7/2009,12/1/2026,1,36429234,BUZ86RS,PKR
700075,UltraSpeed-Products,,2024-01-02T14:16:06.9086921Z,,,,Egypt,,MiddleEast,3/11/2009,12/9/2026,1,36429234,ULT28TS,EGP
700076,TechBiz-Supplier,,2024-01-02T14:16:06.9086921Z,,,,UAE,,MiddleEast,3/12/2009,12/16/2026,1,36429234,TEC55ER,AED
700077,NewAge-Products,,2024-01-02T14:16:06.9086921Z,,,,SaudiArabia,,MiddleEast,3/13/2009,12/21/2026,1,36429234,NEW29TS,SAR
700078,FMCG-Supplier,,2024-01-02T14:16:06.9086921Z,,,,Australia,,Australia,3/15/2009,12/26/2026,1,36429234,FMC88ER,AUD
700079,USP-Ecommerce,,2024-01-02T14:16:06.9086921Z,,,,SaudiArabia,,MiddleEast,3/21/2009,1/5/2027,1,36429234,USP69CE,SAR
700080,Destination-Products,,2024-01-02T14:16:06.9086921Z,,,,Kuwait,,MiddleEast,3/28/2009,1/12/2027,1,36429234,DES15TS,KWD
700081,Etail-WholeSale,,2024-01-02T14:16:06.9086921Z,,,,UK,,Europe,3/30/2009,1/16/2027,1,36429234,ETA28LE,GBP
700082,Xgen-Shippers,,2024-01-02T14:16:06.9086921Z,,,,Egypt,,MiddleEast,4/1/2009,1/17/2027,1,36429234,XGE14RS,EGP
700083,AZM-Shippers,,2024-01-02T14:16:06.9086921Z,,,,Australia,,Australia,4/6/2009,1/27/2027,1,36429234,AZM43RS,AUD
700084,Destination-Shipping,,2024-01-02T14:16:06.9086921Z,,,,Egypt,,MiddleEast,4/12/2009,2/2/2027,1,36429234,DES87NG,EGP
700085,TechBiz-WholeSale,,2024-01-02T14:16:06.9086921Z,,,,SaudiArabia,,MiddleEast,4/20/2009,2/4/2027,1,36429234,TEC61LE,SAR
700086,UltraSpeed-Shipping,,2024-01-02T14:16:06.9086921Z,,,,Turkiye,,MiddleEast,4/27/2009,2/11/2027,1,36429234,ULT29NG,TRP
700087,NewAge-Shippers,,2024-01-02T14:16:06.9086921Z,,,,UAE,,MiddleEast,5/2/2009,2/12/2027,1,36429234,NEW12RS,AED
700088,TechBiz-Shipping,,2024-01-02T14:16:06.9086921Z,,,,Egypt,,MiddleEast,5/3/2009,2/19/2027,1,36429234,TEC86NG,EGP
700089,UltraSpeed-Ecommerce,,2024-01-02T14:16:06.9086921Z,,,,Kuwait,,MiddleEast,5/8/2009,2/26/2027,1,36429234,ULT47CE,KWD
700090,FMCG-Products,,2024-01-02T14:16:06.9086921Z,,,,US,,United States,5/17/2009,3/6/2027,1,36429234,FMC31TS,USD
700091,Destination-Supplier,,2024-01-02T14:16:06.9086921Z,,,,Australia,,Australia,5/20/2009,3/13/2027,1,36429234,DES12ER,AUD
700092,Future-Ecommerce,,2024-01-02T14:16:06.9086921Z,,,,UAE,,MiddleEast,5/24/2009,3/15/2027,1,36429234,FUT66CE,AED
700093,Future-Movers,,2024-01-02T14:16:06.9086921Z,,,,Pakistan,,Asia,5/31/2009,3/22/2027,1,36429234,FUT59RS,PKR
700094,Stocker-Shippers,,2024-01-02T14:16:06.9086921Z,,,,SaudiArabia,,MiddleEast,6/2/2009,3/31/2027,1,36429234,STO35RS,SAR
700095,AZM-Products,,2024-01-02T14:16:06.9086921Z,,,,UK,,Europe,6/8/2009,4/10/2027,1,36429234,AZM99TS,GBP
700096,Stocker-Shipping,,2024-01-02T14:16:06.9086921Z,,,,Kuwait,,MiddleEast,6/10/2009,4/18/2027,1,36429234,STO71NG,KWD
700097,Innovative-WholeSale,,2024-01-02T14:16:06.9086921Z,,,,UAE,,MiddleEast,6/17/2009,4/19/2027,1,36429234,INN68LE,AED
700098,NewAge-Movers,,2024-01-02T14:16:06.9086921Z,,,,Egypt,,MiddleEast,6/27/2009,4/20/2027,1,36429234,NEW79RS,EGP
700099,Destination-WholeSale,,2024-01-02T14:16:06.9086921Z,,,,SaudiArabia,,MiddleEast,7/1/2009,4/21/2027,1,36429234,DES51LE,SAR
700100,Rapid-Ecommerce,,2024-01-02T14:16:06.9086921Z,,,,Qatar,,MiddleEast,7/9/2009,5/1/2027,1,36429234,RAP26CE,QAR
700101,FMCG-Shippers,,2024-01-02T14:16:06.9086921Z,,,,UK,,Europe,7/14/2009,5/10/2027,1,36429234,FMC52RS,GBP
700102,FMCG-Ecommerce,,2024-01-02T14:16:06.9086921Z,,,,Egypt,,MiddleEast,7/19/2009,5/19/2027,1,36429234,FMC68CE,EGP
700103,ShopAtUs-Supplier,,2024-01-02T14:16:06.9086921Z,,,,Australia,,Australia,7/28/2009,5/24/2027,1,36429234,SHO65ER,AUD
700104,Etail-Supplier,,2024-01-02T14:16:06.9086921Z,,,,US,,United States,8/3/2009,5/27/2027,1,36429234,ETA49ER,USD
700105,NewAge-WholeSale,,2024-01-02T14:16:06.9086921Z,,,,US,,United States,8/12/2009,5/31/2027,1,36429234,NEW24LE,USD
700106,Buzzing-Products,,2024-01-02T14:16:06.9086921Z,,,,Pakistan,,Asia,8/21/2009,6/7/2027,1,36429234,BUZ12TS,PKR
700107,Buzzing-Shipping,,2024-01-02T14:16:06.9086921Z,,,,SaudiArabia,,MiddleEast,8/26/2009,6/16/2027,1,36429234,BUZ43NG,SAR
700108,Stocker-Movers,,2024-01-02T14:16:06.9086921Z,,,,SaudiArabia,,MiddleEast,9/2/2009,6/20/2027,1,36429234,STO66RS,SAR
